{
    "accuracy": 0.9383017715332926,
    "precision": 0.8009950248756219,
    "recall": 0.7252252252252253
}
