{
    "accuracy": 0.9415481832543444,
    "precision": 0.8140495867768595,
    "recall": 0.7490494296577946
}
